{"initial_reset_timestamp": 1536138342.3310027, "episode_lengths": [35, 9, 25, 20, 26, 19, 40, 44, 112, 156, 200, 99, 200, 200, 145, 138, 145, 172, 200, 200, 200, 200, 200, 200, 200, 200, 200, 200, 200, 200, 200, 200, 200, 200, 200, 200, 200, 200, 200, 200, 200, 200, 200, 200, 200, 200, 200, 200, 200, 200, 200, 200, 200, 200, 200, 200, 200, 200, 200, 200, 200, 200, 200, 14, 200, 200, 200, 200, 200, 200, 200, 200], "timestamps": [1536138342.436896, 1536138342.458456, 1536138342.5171895, 1536138342.571255, 1536138342.6517897, 1536138343.0051045, 1536138343.0968738, 1536138343.2037013, 1536138343.6789558, 1536138344.205735, 1536138345.0423152, 1536138345.4477527, 1536138346.0384963, 1536138346.834834, 1536138347.3516226, 1536138347.840473, 1536138348.3241487, 1536138349.098475, 1536138349.704221, 1536138350.5622532, 1536138351.3885212, 1536138351.9925282, 1536138352.7998297, 1536138353.4073007, 1536138354.269505, 1536138355.1277769, 1536138355.7311273, 1536138356.554265, 1536138357.1741016, 1536138357.970468, 1536138358.8665369, 1536138359.468232, 1536138360.2909055, 1536138360.993611, 1536138361.7927177, 1536138362.623511, 1536138363.2289124, 1536138364.2045617, 1536138364.8173795, 1536138365.679272, 1536138366.5603857, 1536138367.1900468, 1536138368.0685499, 1536138368.6887586, 1536138369.5620115, 1536138370.4273355, 1536138371.1511528, 1536138372.0229278, 1536138372.639254, 1536138373.5055952, 1536138374.4941275, 1536138375.1977649, 1536138376.0825357, 1536138376.7308896, 1536138377.7116811, 1536138378.6314142, 1536138379.272668, 1536138380.1764436, 1536138380.880512, 1536138381.7518256, 1536138382.633049, 1536138383.320591, 1536138384.2228634, 1536138384.2586324, 1536138384.9175618, 1536138385.7426288, 1536138386.623939, 1536138387.2805505, 1536138388.1091766, 1536138388.7355564, 1536138389.569339, 1536138390.4120438], "episode_types": ["t", "t", "t", "t", "t", "t", "t", "t", "t", "t", "t", "t", "t", "t", "t", "t", "t", "t", "t", "t", "t", "t", "t", "t", "t", "t", "t", "t", "t", "t", "t", "t", "t", "t", "t", "t", "t", "t", "t", "t", "t", "t", "t", "t", "t", "t", "t", "t", "t", "t", "t", "t", "t", "t", "t", "t", "t", "t", "t", "t", "t", "t", "t", "t", "t", "t", "t", "t", "t", "t", "t", "t", "t"], "episode_rewards": [35.0, 9.0, 25.0, 20.0, 26.0, 19.0, 40.0, 44.0, 112.0, 156.0, 200.0, 99.0, 200.0, 200.0, 145.0, 138.0, 145.0, 172.0, 200.0, 200.0, 200.0, 200.0, 200.0, 200.0, 200.0, 200.0, 200.0, 200.0, 200.0, 200.0, 200.0, 200.0, 200.0, 200.0, 200.0, 200.0, 200.0, 200.0, 200.0, 200.0, 200.0, 200.0, 200.0, 200.0, 200.0, 200.0, 200.0, 200.0, 200.0, 200.0, 200.0, 200.0, 200.0, 200.0, 200.0, 200.0, 200.0, 200.0, 200.0, 200.0, 200.0, 200.0, 200.0, 14.0, 200.0, 200.0, 200.0, 200.0, 200.0, 200.0, 200.0, 200.0]}