{"initial_reset_timestamp": 1536138342.33105, "episode_lengths": [24, 14, 37, 22, 18, 17, 27, 38, 18, 32, 84, 117, 200, 130, 96, 175, 200, 181, 117, 138, 162, 200, 200, 200, 200, 200, 200, 200, 200, 200, 200, 200, 200, 200, 200, 200, 200, 200, 200, 200, 200, 200, 200, 200, 200, 200, 200, 200, 200, 200, 200, 200, 200, 200, 200, 200, 200, 200, 200, 200, 200, 200, 200, 200, 200, 10, 200, 200, 200, 200, 200, 200, 200, 200, 200], "timestamps": [1536138342.390145, 1536138342.4463747, 1536138342.5401206, 1536138342.5883393, 1536138342.6519573, 1536138343.0004416, 1536138343.0566456, 1536138343.142473, 1536138343.1977468, 1536138343.274031, 1536138343.6818762, 1536138344.1369407, 1536138344.9648457, 1536138345.43182, 1536138345.6352308, 1536138346.3540385, 1536138346.9733105, 1536138347.752787, 1536138348.1911225, 1536138348.6919415, 1536138349.2280657, 1536138350.0221784, 1536138350.68874, 1536138351.508899, 1536138352.3074794, 1536138352.9385424, 1536138353.7907627, 1536138354.4044816, 1536138355.248739, 1536138356.0764966, 1536138356.683432, 1536138357.4968486, 1536138358.1055183, 1536138358.9879768, 1536138359.8014674, 1536138360.4258573, 1536138361.3220525, 1536138361.9310923, 1536138362.7503529, 1536138363.6524568, 1536138364.3232756, 1536138365.153237, 1536138365.8120751, 1536138366.6937385, 1536138367.5473356, 1536138368.1992161, 1536138369.0686476, 1536138369.6994145, 1536138370.5473492, 1536138371.536368, 1536138372.1502347, 1536138372.977969, 1536138373.6254842, 1536138374.6184866, 1536138375.5455942, 1536138376.2131805, 1536138377.1302686, 1536138377.855925, 1536138378.7697186, 1536138379.617381, 1536138380.304406, 1536138381.2488296, 1536138381.8971574, 1536138382.7685134, 1536138383.6642978, 1536138383.684711, 1536138384.3854032, 1536138385.2261455, 1536138386.0854228, 1536138386.7445972, 1536138387.6260724, 1536138388.2213163, 1536138389.0710752, 1536138389.9156876, 1536138390.52234], "episode_types": ["t", "t", "t", "t", "t", "t", "t", "t", "t", "t", "t", "t", "t", "t", "t", "t", "t", "t", "t", "t", "t", "t", "t", "t", "t", "t", "t", "t", "t", "t", "t", "t", "t", "t", "t", "t", "t", "t", "t", "t", "t", "t", "t", "t", "t", "t", "t", "t", "t", "t", "t", "t", "t", "t", "t", "t", "t", "t", "t", "t", "t", "t", "t", "t", "t", "t", "t", "t", "t", "t", "t", "t", "t", "t", "t", "t"], "episode_rewards": [24.0, 14.0, 37.0, 22.0, 18.0, 17.0, 27.0, 38.0, 18.0, 32.0, 84.0, 117.0, 200.0, 130.0, 96.0, 175.0, 200.0, 181.0, 117.0, 138.0, 162.0, 200.0, 200.0, 200.0, 200.0, 200.0, 200.0, 200.0, 200.0, 200.0, 200.0, 200.0, 200.0, 200.0, 200.0, 200.0, 200.0, 200.0, 200.0, 200.0, 200.0, 200.0, 200.0, 200.0, 200.0, 200.0, 200.0, 200.0, 200.0, 200.0, 200.0, 200.0, 200.0, 200.0, 200.0, 200.0, 200.0, 200.0, 200.0, 200.0, 200.0, 200.0, 200.0, 200.0, 200.0, 10.0, 200.0, 200.0, 200.0, 200.0, 200.0, 200.0, 200.0, 200.0, 200.0]}