{"initial_reset_timestamp": 1536138342.3325813, "episode_lengths": [31, 16, 29, 14, 31, 16, 39, 74, 75, 33, 175, 138, 200, 200, 200, 114, 161, 200, 200, 200, 200, 200, 200, 200, 200, 200, 200, 200, 200, 200, 200, 200, 200, 200, 200, 200, 200, 200, 200, 200, 200, 200, 200, 200, 200, 200, 200, 200, 200, 200, 200, 200, 200, 200, 200, 200, 200, 200, 200, 200, 200, 200, 200, 200, 200, 200, 200, 200, 200, 200, 200], "timestamps": [1536138342.4084606, 1536138342.4665513, 1536138342.5434058, 1536138342.5738575, 1536138342.6669724, 1536138343.0120664, 1536138343.101181, 1536138343.281539, 1536138343.6686985, 1536138343.7386959, 1536138344.5134733, 1536138345.0055554, 1536138345.6292903, 1536138346.4000313, 1536138347.224157, 1536138347.6705554, 1536138348.1889062, 1536138348.821159, 1536138349.6235652, 1536138350.4824245, 1536138351.101745, 1536138351.9204292, 1536138352.512043, 1536138353.3321066, 1536138354.196049, 1536138354.828418, 1536138355.6463573, 1536138356.279354, 1536138357.1027956, 1536138357.8994756, 1536138358.5878441, 1536138359.3949425, 1536138360.0093114, 1536138360.8929331, 1536138361.7115011, 1536138362.3337502, 1536138363.1522956, 1536138363.8682044, 1536138364.7320776, 1536138365.603777, 1536138366.2418215, 1536138367.1101682, 1536138367.7438052, 1536138368.6124833, 1536138369.4835386, 1536138370.1178377, 1536138371.0680752, 1536138371.7322736, 1536138372.5579333, 1536138373.4222791, 1536138374.1206489, 1536138375.1131942, 1536138375.7504628, 1536138376.6510956, 1536138377.633282, 1536138378.2874904, 1536138379.1953824, 1536138379.8968349, 1536138380.788773, 1536138381.6658692, 1536138382.3143413, 1536138383.2444506, 1536138383.8872008, 1536138384.7984533, 1536138385.631701, 1536138386.2891743, 1536138387.1639884, 1536138387.7997134, 1536138388.6174304, 1536138389.4658427, 1536138390.0906918], "episode_types": ["t", "t", "t", "t", "t", "t", "t", "t", "t", "t", "t", "t", "t", "t", "t", "t", "t", "t", "t", "t", "t", "t", "t", "t", "t", "t", "t", "t", "t", "t", "t", "t", "t", "t", "t", "t", "t", "t", "t", "t", "t", "t", "t", "t", "t", "t", "t", "t", "t", "t", "t", "t", "t", "t", "t", "t", "t", "t", "t", "t", "t", "t", "t", "t", "t", "t", "t", "t", "t", "t", "t", "t"], "episode_rewards": [31.0, 16.0, 29.0, 14.0, 31.0, 16.0, 39.0, 74.0, 75.0, 33.0, 175.0, 138.0, 200.0, 200.0, 200.0, 114.0, 161.0, 200.0, 200.0, 200.0, 200.0, 200.0, 200.0, 200.0, 200.0, 200.0, 200.0, 200.0, 200.0, 200.0, 200.0, 200.0, 200.0, 200.0, 200.0, 200.0, 200.0, 200.0, 200.0, 200.0, 200.0, 200.0, 200.0, 200.0, 200.0, 200.0, 200.0, 200.0, 200.0, 200.0, 200.0, 200.0, 200.0, 200.0, 200.0, 200.0, 200.0, 200.0, 200.0, 200.0, 200.0, 200.0, 200.0, 200.0, 200.0, 200.0, 200.0, 200.0, 200.0, 200.0, 200.0]}