{"initial_reset_timestamp": 1536138342.3330083, "episode_lengths": [15, 29, 15, 19, 15, 22, 25, 58, 44, 46, 200, 200, 86, 189, 200, 143, 146, 195, 200, 200, 200, 200, 200, 200, 200, 200, 200, 200, 200, 200, 200, 200, 200, 200, 200, 200, 200, 200, 200, 200, 200, 200, 200, 200, 200, 200, 200, 200, 200, 200, 200, 200, 200, 200, 200, 200, 200, 200, 200, 200, 200, 200, 200, 12, 200, 10, 73, 200, 200, 200, 200, 200, 200, 200], "timestamps": [1536138342.3715177, 1536138342.458588, 1536138342.4890857, 1536138342.5483308, 1536138342.5809462, 1536138342.653052, 1536138343.0179262, 1536138343.1455963, 1536138343.2520099, 1536138343.5867531, 1536138344.2106984, 1536138345.047832, 1536138345.421256, 1536138345.9982698, 1536138346.7880325, 1536138347.2971258, 1536138347.8012393, 1536138348.612305, 1536138349.2288823, 1536138350.0231524, 1536138350.6898236, 1536138351.509903, 1536138352.308617, 1536138352.9396455, 1536138353.7918513, 1536138354.4057403, 1536138355.2500741, 1536138356.0778093, 1536138356.6846795, 1536138357.4980073, 1536138358.1066844, 1536138358.9893305, 1536138359.8027844, 1536138360.4271429, 1536138361.3233485, 1536138361.9324539, 1536138362.751543, 1536138363.6536806, 1536138364.3246176, 1536138365.1545475, 1536138365.8134391, 1536138366.6950722, 1536138367.548969, 1536138368.2007337, 1536138369.07011, 1536138369.7010276, 1536138370.5487475, 1536138371.5378768, 1536138372.151481, 1536138372.979548, 1536138373.626769, 1536138374.6199665, 1536138375.5471897, 1536138376.2144513, 1536138377.1320076, 1536138377.8578966, 1536138378.7712953, 1536138379.619076, 1536138380.3057206, 1536138381.250371, 1536138381.8988788, 1536138382.7702074, 1536138383.6657288, 1536138383.6891625, 1536138384.3909063, 1536138384.4191916, 1536138384.7887876, 1536138385.623508, 1536138386.2787652, 1536138387.155158, 1536138387.791151, 1536138388.608674, 1536138389.4573395, 1536138390.0810711], "episode_types": ["t", "t", "t", "t", "t", "t", "t", "t", "t", "t", "t", "t", "t", "t", "t", "t", "t", "t", "t", "t", "t", "t", "t", "t", "t", "t", "t", "t", "t", "t", "t", "t", "t", "t", "t", "t", "t", "t", "t", "t", "t", "t", "t", "t", "t", "t", "t", "t", "t", "t", "t", "t", "t", "t", "t", "t", "t", "t", "t", "t", "t", "t", "t", "t", "t", "t", "t", "t", "t", "t", "t", "t", "t", "t", "t"], "episode_rewards": [15.0, 29.0, 15.0, 19.0, 15.0, 22.0, 25.0, 58.0, 44.0, 46.0, 200.0, 200.0, 86.0, 189.0, 200.0, 143.0, 146.0, 195.0, 200.0, 200.0, 200.0, 200.0, 200.0, 200.0, 200.0, 200.0, 200.0, 200.0, 200.0, 200.0, 200.0, 200.0, 200.0, 200.0, 200.0, 200.0, 200.0, 200.0, 200.0, 200.0, 200.0, 200.0, 200.0, 200.0, 200.0, 200.0, 200.0, 200.0, 200.0, 200.0, 200.0, 200.0, 200.0, 200.0, 200.0, 200.0, 200.0, 200.0, 200.0, 200.0, 200.0, 200.0, 200.0, 12.0, 200.0, 10.0, 73.0, 200.0, 200.0, 200.0, 200.0, 200.0, 200.0, 200.0]}