{"initial_reset_timestamp": 1536138342.3324676, "episode_lengths": [81, 42, 19, 18, 28, 63, 34, 140, 198, 200, 139, 113, 189, 138, 167, 165, 200, 200, 200, 200, 200, 200, 200, 200, 200, 200, 200, 200, 200, 200, 200, 200, 200, 200, 200, 200, 200, 200, 200, 200, 200, 200, 200, 200, 200, 200, 200, 200, 200, 200, 200, 200, 200, 200, 200, 200, 200, 200, 200, 200, 200, 200, 200, 200, 200, 200, 200, 200, 200], "timestamps": [1536138342.555681, 1536138342.6724792, 1536138343.0232198, 1536138343.0607862, 1536138343.1238892, 1536138343.5099905, 1536138343.5813193, 1536138344.0898187, 1536138344.698412, 1536138345.5332458, 1536138345.995822, 1536138346.4081326, 1536138347.2103362, 1536138347.7021227, 1536138348.232689, 1536138348.7991664, 1536138349.6010282, 1536138350.4588046, 1536138351.0791736, 1536138351.8961198, 1536138352.4842749, 1536138353.306011, 1536138354.1732035, 1536138354.7989435, 1536138355.6185617, 1536138356.2556195, 1536138357.0790362, 1536138357.8778946, 1536138358.55841, 1536138359.3703673, 1536138359.979358, 1536138360.8630264, 1536138361.6889758, 1536138362.307662, 1536138363.1304638, 1536138363.8455722, 1536138364.708685, 1536138365.5813866, 1536138366.2146854, 1536138367.0868933, 1536138367.7145264, 1536138368.5887103, 1536138369.455739, 1536138370.0916111, 1536138371.0452676, 1536138371.7089753, 1536138372.5309348, 1536138373.399528, 1536138374.0970101, 1536138375.0883446, 1536138375.7276037, 1536138376.6281838, 1536138377.6053917, 1536138378.2649913, 1536138379.1701539, 1536138379.8646767, 1536138380.762039, 1536138381.6432345, 1536138382.287084, 1536138383.2220302, 1536138383.856108, 1536138384.772103, 1536138385.6070309, 1536138386.2594364, 1536138387.1366618, 1536138387.773853, 1536138388.5929923, 1536138389.4403512, 1536138390.0650222], "episode_types": ["t", "t", "t", "t", "t", "t", "t", "t", "t", "t", "t", "t", "t", "t", "t", "t", "t", "t", "t", "t", "t", "t", "t", "t", "t", "t", "t", "t", "t", "t", "t", "t", "t", "t", "t", "t", "t", "t", "t", "t", "t", "t", "t", "t", "t", "t", "t", "t", "t", "t", "t", "t", "t", "t", "t", "t", "t", "t", "t", "t", "t", "t", "t", "t", "t", "t", "t", "t", "t", "t"], "episode_rewards": [81.0, 42.0, 19.0, 18.0, 28.0, 63.0, 34.0, 140.0, 198.0, 200.0, 139.0, 113.0, 189.0, 138.0, 167.0, 165.0, 200.0, 200.0, 200.0, 200.0, 200.0, 200.0, 200.0, 200.0, 200.0, 200.0, 200.0, 200.0, 200.0, 200.0, 200.0, 200.0, 200.0, 200.0, 200.0, 200.0, 200.0, 200.0, 200.0, 200.0, 200.0, 200.0, 200.0, 200.0, 200.0, 200.0, 200.0, 200.0, 200.0, 200.0, 200.0, 200.0, 200.0, 200.0, 200.0, 200.0, 200.0, 200.0, 200.0, 200.0, 200.0, 200.0, 200.0, 200.0, 200.0, 200.0, 200.0, 200.0, 200.0]}