{"initial_reset_timestamp": 1536138342.3311553, "episode_lengths": [29, 17, 46, 13, 16, 10, 31, 28, 52, 42, 121, 150, 200, 156, 155, 182, 116, 96, 165, 200, 200, 200, 200, 200, 200, 200, 200, 200, 200, 200, 200, 200, 200, 200, 200, 200, 200, 200, 200, 200, 200, 200, 200, 200, 200, 200, 200, 200, 200, 200, 200, 200, 200, 200, 200, 200, 200, 200, 200, 200, 200, 200, 200, 200, 200, 200, 200, 200, 200, 200, 200, 200, 200], "timestamps": [1536138342.4035118, 1536138342.4642348, 1536138342.5782716, 1536138342.604665, 1536138342.6673448, 1536138342.9979668, 1536138343.0739503, 1536138343.1286464, 1536138343.252355, 1536138343.5784826, 1536138344.0527678, 1536138344.5586648, 1536138345.376904, 1536138345.899084, 1536138346.3902066, 1536138346.9708178, 1536138347.4202762, 1536138347.8172395, 1536138348.348193, 1536138349.1882303, 1536138349.9830945, 1536138350.6491895, 1536138351.4669476, 1536138352.0701568, 1536138352.8963685, 1536138353.7399337, 1536138354.3479278, 1536138355.2014925, 1536138355.815323, 1536138356.64253, 1536138357.4564686, 1536138358.0485747, 1536138358.943052, 1536138359.555559, 1536138360.3861725, 1536138361.2825181, 1536138361.8911893, 1536138362.7083752, 1536138363.3138678, 1536138364.2838042, 1536138365.1136174, 1536138365.7684848, 1536138366.639269, 1536138367.286052, 1536138368.149266, 1536138369.0213127, 1536138369.654224, 1536138370.506912, 1536138371.2413027, 1536138372.1063976, 1536138372.9356728, 1536138373.5854943, 1536138374.576647, 1536138375.2905862, 1536138376.1614738, 1536138377.046054, 1536138377.8008137, 1536138378.719342, 1536138379.3595786, 1536138380.2599864, 1536138381.2000155, 1536138381.8492236, 1536138382.7271268, 1536138383.4056222, 1536138384.3209636, 1536138385.1672435, 1536138385.7958183, 1536138386.6810706, 1536138387.3291962, 1536138388.1577072, 1536138389.0014784, 1536138389.6233037, 1536138390.462237], "episode_types": ["t", "t", "t", "t", "t", "t", "t", "t", "t", "t", "t", "t", "t", "t", "t", "t", "t", "t", "t", "t", "t", "t", "t", "t", "t", "t", "t", "t", "t", "t", "t", "t", "t", "t", "t", "t", "t", "t", "t", "t", "t", "t", "t", "t", "t", "t", "t", "t", "t", "t", "t", "t", "t", "t", "t", "t", "t", "t", "t", "t", "t", "t", "t", "t", "t", "t", "t", "t", "t", "t", "t", "t", "t", "t"], "episode_rewards": [29.0, 17.0, 46.0, 13.0, 16.0, 10.0, 31.0, 28.0, 52.0, 42.0, 121.0, 150.0, 200.0, 156.0, 155.0, 182.0, 116.0, 96.0, 165.0, 200.0, 200.0, 200.0, 200.0, 200.0, 200.0, 200.0, 200.0, 200.0, 200.0, 200.0, 200.0, 200.0, 200.0, 200.0, 200.0, 200.0, 200.0, 200.0, 200.0, 200.0, 200.0, 200.0, 200.0, 200.0, 200.0, 200.0, 200.0, 200.0, 200.0, 200.0, 200.0, 200.0, 200.0, 200.0, 200.0, 200.0, 200.0, 200.0, 200.0, 200.0, 200.0, 200.0, 200.0, 200.0, 200.0, 200.0, 200.0, 200.0, 200.0, 200.0, 200.0, 200.0, 200.0]}