{"initial_reset_timestamp": 1536138342.3324409, "episode_lengths": [27, 21, 42, 36, 63, 200, 200, 150, 200, 200, 196, 111, 156, 189, 200, 200, 200, 200, 200, 200, 200, 200, 200, 200, 200, 200, 200, 200, 200, 200, 200, 200, 200, 200, 200, 200, 200, 200, 200, 200, 200, 200, 200, 200, 200, 200, 200, 200, 200, 200, 200, 200, 200, 200, 200, 200, 200, 200, 200, 10, 11, 11, 200, 200, 200, 200, 200, 200, 200, 200], "timestamps": [1536138342.3981931, 1536138342.4686964, 1536138342.5735893, 1536138342.984903, 1536138343.1258247, 1536138344.0240872, 1536138344.6249802, 1536138345.142911, 1536138345.9481769, 1536138346.7429984, 1536138347.361276, 1536138347.7897527, 1536138348.2993643, 1536138349.1105943, 1536138349.7167182, 1536138350.5766692, 1536138351.4020336, 1536138352.0038931, 1536138352.8127646, 1536138353.4222078, 1536138354.2848434, 1536138355.1392581, 1536138355.7426994, 1536138356.56573, 1536138357.186875, 1536138357.9858248, 1536138358.8793979, 1536138359.4821577, 1536138360.3048837, 1536138361.006421, 1536138361.8055534, 1536138362.6350381, 1536138363.240792, 1536138364.216849, 1536138364.8317275, 1536138365.6941242, 1536138366.572268, 1536138367.2043493, 1536138368.085122, 1536138368.7041087, 1536138369.5737693, 1536138370.4417264, 1536138371.1633968, 1536138372.0379655, 1536138372.6531289, 1536138373.5171516, 1536138374.5090406, 1536138375.209611, 1536138376.0964797, 1536138376.7477686, 1536138377.7261486, 1536138378.643509, 1536138379.2841632, 1536138380.189798, 1536138380.8928704, 1536138381.766655, 1536138382.6448882, 1536138383.333902, 1536138384.2378366, 1536138384.264418, 1536138384.285115, 1536138384.315946, 1536138385.1621075, 1536138385.7892003, 1536138386.675004, 1536138387.324175, 1536138388.1523902, 1536138388.9962502, 1536138389.6166205, 1536138390.4569418], "episode_types": ["t", "t", "t", "t", "t", "t", "t", "t", "t", "t", "t", "t", "t", "t", "t", "t", "t", "t", "t", "t", "t", "t", "t", "t", "t", "t", "t", "t", "t", "t", "t", "t", "t", "t", "t", "t", "t", "t", "t", "t", "t", "t", "t", "t", "t", "t", "t", "t", "t", "t", "t", "t", "t", "t", "t", "t", "t", "t", "t", "t", "t", "t", "t", "t", "t", "t", "t", "t", "t", "t", "t"], "episode_rewards": [27.0, 21.0, 42.0, 36.0, 63.0, 200.0, 200.0, 150.0, 200.0, 200.0, 196.0, 111.0, 156.0, 189.0, 200.0, 200.0, 200.0, 200.0, 200.0, 200.0, 200.0, 200.0, 200.0, 200.0, 200.0, 200.0, 200.0, 200.0, 200.0, 200.0, 200.0, 200.0, 200.0, 200.0, 200.0, 200.0, 200.0, 200.0, 200.0, 200.0, 200.0, 200.0, 200.0, 200.0, 200.0, 200.0, 200.0, 200.0, 200.0, 200.0, 200.0, 200.0, 200.0, 200.0, 200.0, 200.0, 200.0, 200.0, 200.0, 10.0, 11.0, 11.0, 200.0, 200.0, 200.0, 200.0, 200.0, 200.0, 200.0, 200.0]}