{"initial_reset_timestamp": 1536138342.3311455, "episode_lengths": [15, 21, 18, 25, 25, 12, 11, 41, 29, 87, 29, 111, 141, 200, 96, 182, 200, 97, 200, 175, 200, 200, 200, 200, 200, 200, 200, 200, 200, 200, 200, 200, 200, 200, 200, 200, 200, 200, 200, 200, 200, 200, 200, 200, 200, 200, 200, 200, 200, 200, 200, 200, 200, 200, 200, 200, 200, 200, 200, 200, 200, 200, 200, 200, 200, 200, 200, 200, 200, 200, 200, 200, 200], "timestamps": [1536138342.3716867, 1536138342.4426477, 1536138342.4797943, 1536138342.5508194, 1536138342.601804, 1536138342.6561506, 1536138342.9881506, 1536138343.0854445, 1536138343.1435518, 1536138343.5784068, 1536138343.6465893, 1536138344.0870228, 1536138344.5807273, 1536138345.3971322, 1536138345.6102648, 1536138346.3429327, 1536138346.9588966, 1536138347.3722935, 1536138348.177693, 1536138348.7569277, 1536138349.56384, 1536138350.185159, 1536138351.0411282, 1536138351.8600214, 1536138352.437423, 1536138353.2678292, 1536138353.9366279, 1536138354.761477, 1536138355.5832734, 1536138356.2090328, 1536138357.0409503, 1536138357.6257434, 1536138358.5187082, 1536138359.3348765, 1536138359.932689, 1536138360.8121822, 1536138361.4582503, 1536138362.2708533, 1536138363.0950046, 1536138363.8016713, 1536138364.6706874, 1536138365.3007462, 1536138366.1755633, 1536138367.0506918, 1536138367.6773167, 1536138368.5495002, 1536138369.2000275, 1536138370.0456324, 1536138371.0094237, 1536138371.6686602, 1536138372.495733, 1536138373.1295412, 1536138374.0606742, 1536138375.0482771, 1536138375.6913998, 1536138376.589444, 1536138377.3525949, 1536138378.2221327, 1536138379.1346428, 1536138379.8200495, 1536138380.7245283, 1536138381.3891647, 1536138382.24861, 1536138383.1860507, 1536138383.8009505, 1536138384.7323303, 1536138385.3574114, 1536138386.2108386, 1536138387.1010723, 1536138387.7334955, 1536138388.554867, 1536138389.1838882, 1536138390.028316], "episode_types": ["t", "t", "t", "t", "t", "t", "t", "t", "t", "t", "t", "t", "t", "t", "t", "t", "t", "t", "t", "t", "t", "t", "t", "t", "t", "t", "t", "t", "t", "t", "t", "t", "t", "t", "t", "t", "t", "t", "t", "t", "t", "t", "t", "t", "t", "t", "t", "t", "t", "t", "t", "t", "t", "t", "t", "t", "t", "t", "t", "t", "t", "t", "t", "t", "t", "t", "t", "t", "t", "t", "t", "t", "t", "t"], "episode_rewards": [15.0, 21.0, 18.0, 25.0, 25.0, 12.0, 11.0, 41.0, 29.0, 87.0, 29.0, 111.0, 141.0, 200.0, 96.0, 182.0, 200.0, 97.0, 200.0, 175.0, 200.0, 200.0, 200.0, 200.0, 200.0, 200.0, 200.0, 200.0, 200.0, 200.0, 200.0, 200.0, 200.0, 200.0, 200.0, 200.0, 200.0, 200.0, 200.0, 200.0, 200.0, 200.0, 200.0, 200.0, 200.0, 200.0, 200.0, 200.0, 200.0, 200.0, 200.0, 200.0, 200.0, 200.0, 200.0, 200.0, 200.0, 200.0, 200.0, 200.0, 200.0, 200.0, 200.0, 200.0, 200.0, 200.0, 200.0, 200.0, 200.0, 200.0, 200.0, 200.0, 200.0]}