{"initial_reset_timestamp": 1536138342.3325627, "episode_lengths": [34, 26, 17, 28, 18, 32, 21, 32, 25, 55, 200, 126, 200, 200, 185, 183, 148, 200, 200, 200, 200, 200, 200, 200, 200, 200, 200, 200, 200, 200, 200, 200, 200, 200, 200, 200, 200, 200, 200, 200, 200, 200, 200, 200, 200, 200, 200, 200, 200, 200, 200, 200, 200, 200, 200, 200, 200, 200, 200, 200, 200, 200, 200, 200, 200, 200, 200, 200, 200, 200, 200], "timestamps": [1536138342.433407, 1536138342.4917932, 1536138342.546048, 1536138342.605442, 1536138342.6735916, 1536138343.048423, 1536138343.1013448, 1536138343.1841295, 1536138343.2348554, 1536138343.5872283, 1536138344.2111132, 1536138344.6812353, 1536138345.515334, 1536138346.2893915, 1536138346.8667836, 1536138347.6637888, 1536138348.154885, 1536138348.7906415, 1536138349.5928142, 1536138350.4500675, 1536138351.071403, 1536138351.8877895, 1536138352.4734552, 1536138353.297037, 1536138354.1647546, 1536138354.790895, 1536138355.6107295, 1536138356.2463498, 1536138357.0685308, 1536138357.8671176, 1536138358.5485609, 1536138359.3623602, 1536138359.9682596, 1536138360.8529758, 1536138361.6795077, 1536138362.299331, 1536138363.1226823, 1536138363.8303277, 1536138364.6991682, 1536138365.5708349, 1536138366.20556, 1536138367.0785499, 1536138367.706209, 1536138368.578293, 1536138369.4448943, 1536138370.081113, 1536138371.0370426, 1536138371.7002559, 1536138372.5228364, 1536138373.3784459, 1536138374.0887816, 1536138375.0783892, 1536138375.7193494, 1536138376.619564, 1536138377.593449, 1536138378.2557242, 1536138379.1620822, 1536138379.8546686, 1536138380.7527092, 1536138381.6332996, 1536138382.2783635, 1536138383.213515, 1536138383.8441772, 1536138384.7634568, 1536138385.5966358, 1536138386.247777, 1536138387.1285553, 1536138387.7642813, 1536138388.5833552, 1536138389.4255807, 1536138390.0566292], "episode_types": ["t", "t", "t", "t", "t", "t", "t", "t", "t", "t", "t", "t", "t", "t", "t", "t", "t", "t", "t", "t", "t", "t", "t", "t", "t", "t", "t", "t", "t", "t", "t", "t", "t", "t", "t", "t", "t", "t", "t", "t", "t", "t", "t", "t", "t", "t", "t", "t", "t", "t", "t", "t", "t", "t", "t", "t", "t", "t", "t", "t", "t", "t", "t", "t", "t", "t", "t", "t", "t", "t", "t", "t"], "episode_rewards": [34.0, 26.0, 17.0, 28.0, 18.0, 32.0, 21.0, 32.0, 25.0, 55.0, 200.0, 126.0, 200.0, 200.0, 185.0, 183.0, 148.0, 200.0, 200.0, 200.0, 200.0, 200.0, 200.0, 200.0, 200.0, 200.0, 200.0, 200.0, 200.0, 200.0, 200.0, 200.0, 200.0, 200.0, 200.0, 200.0, 200.0, 200.0, 200.0, 200.0, 200.0, 200.0, 200.0, 200.0, 200.0, 200.0, 200.0, 200.0, 200.0, 200.0, 200.0, 200.0, 200.0, 200.0, 200.0, 200.0, 200.0, 200.0, 200.0, 200.0, 200.0, 200.0, 200.0, 200.0, 200.0, 200.0, 200.0, 200.0, 200.0, 200.0, 200.0]}