{"initial_reset_timestamp": 1536138342.3327196, "episode_lengths": [27, 44, 15, 29, 10, 33, 38, 35, 96, 37, 176, 170, 200, 200, 158, 133, 133, 200, 200, 200, 200, 200, 200, 200, 200, 200, 200, 200, 200, 200, 200, 200, 200, 200, 200, 200, 200, 200, 200, 200, 200, 200, 200, 200, 200, 200, 200, 200, 200, 200, 200, 200, 200, 200, 200, 200, 200, 200, 200, 200, 200, 200, 200, 200, 200, 200, 200, 200, 200, 200, 200], "timestamps": [1536138342.397202, 1536138342.525119, 1536138342.5650804, 1536138342.65266, 1536138342.677962, 1536138343.0542512, 1536138343.1401224, 1536138343.230421, 1536138343.6726964, 1536138343.7494423, 1536138344.527208, 1536138345.08848, 1536138345.8959453, 1536138346.4718528, 1536138347.2180104, 1536138347.6991405, 1536138348.1661801, 1536138348.7986188, 1536138349.6003525, 1536138350.457463, 1536138351.078652, 1536138351.895548, 1536138352.4827788, 1536138353.304536, 1536138354.172693, 1536138354.7984912, 1536138355.6181183, 1536138356.2541637, 1536138357.078621, 1536138357.8774323, 1536138358.5576944, 1536138359.3698123, 1536138359.9786444, 1536138360.8622124, 1536138361.6882071, 1536138362.3071983, 1536138363.1299284, 1536138363.8449318, 1536138364.7070162, 1536138365.5796998, 1536138366.2136528, 1536138367.0863678, 1536138367.714088, 1536138368.5881128, 1536138369.4557014, 1536138370.0905526, 1536138371.0446844, 1536138371.7081819, 1536138372.5304778, 1536138373.3989832, 1536138374.096451, 1536138375.087542, 1536138375.7271287, 1536138376.627628, 1536138377.6047494, 1536138378.2643547, 1536138379.1696136, 1536138379.864078, 1536138380.7615163, 1536138381.6427839, 1536138382.286524, 1536138383.2212577, 1536138383.85487, 1536138384.7716544, 1536138385.606497, 1536138386.257183, 1536138387.1361427, 1536138387.7733736, 1536138388.5915449, 1536138389.4396868, 1536138390.064473], "episode_types": ["t", "t", "t", "t", "t", "t", "t", "t", "t", "t", "t", "t", "t", "t", "t", "t", "t", "t", "t", "t", "t", "t", "t", "t", "t", "t", "t", "t", "t", "t", "t", "t", "t", "t", "t", "t", "t", "t", "t", "t", "t", "t", "t", "t", "t", "t", "t", "t", "t", "t", "t", "t", "t", "t", "t", "t", "t", "t", "t", "t", "t", "t", "t", "t", "t", "t", "t", "t", "t", "t", "t", "t"], "episode_rewards": [27.0, 44.0, 15.0, 29.0, 10.0, 33.0, 38.0, 35.0, 96.0, 37.0, 176.0, 170.0, 200.0, 200.0, 158.0, 133.0, 133.0, 200.0, 200.0, 200.0, 200.0, 200.0, 200.0, 200.0, 200.0, 200.0, 200.0, 200.0, 200.0, 200.0, 200.0, 200.0, 200.0, 200.0, 200.0, 200.0, 200.0, 200.0, 200.0, 200.0, 200.0, 200.0, 200.0, 200.0, 200.0, 200.0, 200.0, 200.0, 200.0, 200.0, 200.0, 200.0, 200.0, 200.0, 200.0, 200.0, 200.0, 200.0, 200.0, 200.0, 200.0, 200.0, 200.0, 200.0, 200.0, 200.0, 200.0, 200.0, 200.0, 200.0, 200.0]}