{"initial_reset_timestamp": 1536138342.3327196, "episode_lengths": [19, 46, 15, 12, 20, 48, 52, 44, 178, 94, 181, 155, 200, 169, 121, 149, 200, 186, 200, 200, 200, 200, 200, 200, 200, 200, 200, 200, 200, 200, 200, 200, 200, 200, 200, 200, 200, 200, 200, 200, 200, 200, 200, 200, 200, 200, 200, 200, 200, 200, 200, 200, 200, 200, 200, 200, 200, 200, 200, 200, 200, 200, 200, 200, 200, 200, 200, 200, 200, 200, 200], "timestamps": [1536138342.3808157, 1536138342.5044427, 1536138342.553177, 1536138342.578113, 1536138342.644571, 1536138343.0605545, 1536138343.1919808, 1536138343.5190372, 1536138344.106293, 1536138344.503919, 1536138345.0861325, 1536138345.6163177, 1536138346.3857634, 1536138346.940666, 1536138347.3997056, 1536138348.1045961, 1536138348.7284849, 1536138349.512062, 1536138350.1068835, 1536138350.9806223, 1536138351.5923886, 1536138352.3893566, 1536138353.20975, 1536138353.8900635, 1536138354.706975, 1536138355.328459, 1536138356.1598008, 1536138356.9946918, 1536138357.578618, 1536138358.4687073, 1536138359.0666223, 1536138359.8866177, 1536138360.7626219, 1536138361.404208, 1536138362.2220592, 1536138362.8319283, 1536138363.7523808, 1536138364.624486, 1536138365.2425365, 1536138366.1266017, 1536138366.776262, 1536138367.625544, 1536138368.4883683, 1536138369.1528614, 1536138369.9866705, 1536138370.724134, 1536138371.6197512, 1536138372.4489558, 1536138373.0759628, 1536138374.010878, 1536138374.7026055, 1536138375.6387281, 1536138376.5422914, 1536138377.3007455, 1536138378.169252, 1536138378.8700655, 1536138379.7546086, 1536138380.6694672, 1536138381.3350313, 1536138382.198972, 1536138382.9074848, 1536138383.7447004, 1536138384.6850739, 1536138385.2928545, 1536138386.161091, 1536138386.819596, 1536138387.6868727, 1536138388.5058513, 1536138389.1329005, 1536138389.9767194, 1536138390.5999293], "episode_types": ["t", "t", "t", "t", "t", "t", "t", "t", "t", "t", "t", "t", "t", "t", "t", "t", "t", "t", "t", "t", "t", "t", "t", "t", "t", "t", "t", "t", "t", "t", "t", "t", "t", "t", "t", "t", "t", "t", "t", "t", "t", "t", "t", "t", "t", "t", "t", "t", "t", "t", "t", "t", "t", "t", "t", "t", "t", "t", "t", "t", "t", "t", "t", "t", "t", "t", "t", "t", "t", "t", "t", "t"], "episode_rewards": [19.0, 46.0, 15.0, 12.0, 20.0, 48.0, 52.0, 44.0, 178.0, 94.0, 181.0, 155.0, 200.0, 169.0, 121.0, 149.0, 200.0, 186.0, 200.0, 200.0, 200.0, 200.0, 200.0, 200.0, 200.0, 200.0, 200.0, 200.0, 200.0, 200.0, 200.0, 200.0, 200.0, 200.0, 200.0, 200.0, 200.0, 200.0, 200.0, 200.0, 200.0, 200.0, 200.0, 200.0, 200.0, 200.0, 200.0, 200.0, 200.0, 200.0, 200.0, 200.0, 200.0, 200.0, 200.0, 200.0, 200.0, 200.0, 200.0, 200.0, 200.0, 200.0, 200.0, 200.0, 200.0, 200.0, 200.0, 200.0, 200.0, 200.0, 200.0]}