{"initial_reset_timestamp": 1536138342.331022, "episode_lengths": [27, 18, 43, 39, 42, 64, 64, 71, 76, 200, 200, 102, 200, 134, 148, 153, 200, 200, 200, 200, 200, 200, 200, 200, 200, 200, 200, 200, 200, 200, 200, 200, 200, 200, 200, 200, 200, 200, 200, 200, 200, 200, 200, 200, 200, 200, 200, 200, 200, 200, 200, 200, 200, 200, 200, 200, 200, 200, 200, 200, 200, 200, 67, 11, 200, 200, 200, 200, 200, 200, 200, 200], "timestamps": [1536138342.3973315, 1536138342.4616475, 1536138342.56898, 1536138342.9875638, 1536138343.0875545, 1536138343.2343154, 1536138343.604957, 1536138343.757579, 1536138344.1292143, 1536138344.9572048, 1536138345.577001, 1536138345.961174, 1536138346.756001, 1536138347.239979, 1536138347.7481115, 1536138348.2547998, 1536138349.0907872, 1536138349.6962965, 1536138350.5523264, 1536138351.380952, 1536138351.984776, 1536138352.7916985, 1536138353.398738, 1536138354.26105, 1536138355.1184678, 1536138355.719808, 1536138356.5463555, 1536138357.165277, 1536138357.962694, 1536138358.856211, 1536138359.459888, 1536138360.283074, 1536138360.9852407, 1536138361.783243, 1536138362.6145687, 1536138363.219268, 1536138364.196639, 1536138364.8072462, 1536138365.671236, 1536138366.5523357, 1536138367.1804523, 1536138368.060482, 1536138368.6758397, 1536138369.5540326, 1536138370.4185688, 1536138371.139196, 1536138372.0148878, 1536138372.6228461, 1536138373.4968786, 1536138374.4784951, 1536138375.185333, 1536138376.0743494, 1536138376.7204506, 1536138377.7015097, 1536138378.6211998, 1536138379.263936, 1536138380.1667457, 1536138380.8711836, 1536138381.7418509, 1536138382.619965, 1536138383.3118966, 1536138384.2114527, 1536138384.3670433, 1536138384.3907866, 1536138385.2315753, 1536138386.0909376, 1536138386.751233, 1536138387.6306825, 1536138388.2260754, 1536138389.0757604, 1536138389.9209468, 1536138390.5269196], "episode_types": ["t", "t", "t", "t", "t", "t", "t", "t", "t", "t", "t", "t", "t", "t", "t", "t", "t", "t", "t", "t", "t", "t", "t", "t", "t", "t", "t", "t", "t", "t", "t", "t", "t", "t", "t", "t", "t", "t", "t", "t", "t", "t", "t", "t", "t", "t", "t", "t", "t", "t", "t", "t", "t", "t", "t", "t", "t", "t", "t", "t", "t", "t", "t", "t", "t", "t", "t", "t", "t", "t", "t", "t", "t"], "episode_rewards": [27.0, 18.0, 43.0, 39.0, 42.0, 64.0, 64.0, 71.0, 76.0, 200.0, 200.0, 102.0, 200.0, 134.0, 148.0, 153.0, 200.0, 200.0, 200.0, 200.0, 200.0, 200.0, 200.0, 200.0, 200.0, 200.0, 200.0, 200.0, 200.0, 200.0, 200.0, 200.0, 200.0, 200.0, 200.0, 200.0, 200.0, 200.0, 200.0, 200.0, 200.0, 200.0, 200.0, 200.0, 200.0, 200.0, 200.0, 200.0, 200.0, 200.0, 200.0, 200.0, 200.0, 200.0, 200.0, 200.0, 200.0, 200.0, 200.0, 200.0, 200.0, 200.0, 67.0, 11.0, 200.0, 200.0, 200.0, 200.0, 200.0, 200.0, 200.0, 200.0]}