{"initial_reset_timestamp": 1536138342.3311703, "episode_lengths": [26, 47, 19, 23, 22, 59, 53, 85, 200, 194, 84, 200, 200, 164, 200, 185, 200, 200, 200, 200, 200, 200, 200, 200, 200, 200, 200, 200, 200, 200, 200, 200, 200, 200, 200, 200, 200, 200, 200, 200, 200, 200, 200, 200, 200, 200, 200, 200, 200, 200, 200, 200, 200, 200, 200, 200, 200, 200, 200, 200, 200, 12, 11, 11, 200, 200, 200, 200, 200, 200, 200, 200], "timestamps": [1536138342.3946733, 1536138342.5327902, 1536138342.577796, 1536138342.6517227, 1536138343.0116575, 1536138343.139238, 1536138343.2786477, 1536138343.6875534, 1536138344.5153866, 1536138345.122765, 1536138345.509614, 1536138346.283426, 1536138346.8936841, 1536138347.6506202, 1536138348.24535, 1536138349.0539317, 1536138349.650451, 1536138350.5116987, 1536138351.133891, 1536138351.948024, 1536138352.7519464, 1536138353.3597178, 1536138354.2230697, 1536138354.8681087, 1536138355.6803105, 1536138356.5060241, 1536138357.1295872, 1536138357.9271436, 1536138358.615015, 1536138359.4226403, 1536138360.2465217, 1536138360.9416614, 1536138361.7408915, 1536138362.3614092, 1536138363.182867, 1536138364.1572087, 1536138364.7591572, 1536138365.6348972, 1536138366.2739222, 1536138367.140051, 1536138368.0239198, 1536138368.6392395, 1536138369.5126047, 1536138370.1517909, 1536138371.0982244, 1536138371.9779031, 1536138372.5862527, 1536138373.4539838, 1536138374.160125, 1536138375.144361, 1536138376.037265, 1536138376.6794136, 1536138377.6602674, 1536138378.3257582, 1536138379.2250495, 1536138380.1304722, 1536138380.8212228, 1536138381.6964948, 1536138382.3561723, 1536138383.2749052, 1536138384.1629968, 1536138384.186448, 1536138384.219141, 1536138384.247471, 1536138384.906501, 1536138385.732097, 1536138386.614543, 1536138387.270376, 1536138388.099638, 1536138388.724805, 1536138389.5595853, 1536138390.402402], "episode_types": ["t", "t", "t", "t", "t", "t", "t", "t", "t", "t", "t", "t", "t", "t", "t", "t", "t", "t", "t", "t", "t", "t", "t", "t", "t", "t", "t", "t", "t", "t", "t", "t", "t", "t", "t", "t", "t", "t", "t", "t", "t", "t", "t", "t", "t", "t", "t", "t", "t", "t", "t", "t", "t", "t", "t", "t", "t", "t", "t", "t", "t", "t", "t", "t", "t", "t", "t", "t", "t", "t", "t", "t", "t"], "episode_rewards": [26.0, 47.0, 19.0, 23.0, 22.0, 59.0, 53.0, 85.0, 200.0, 194.0, 84.0, 200.0, 200.0, 164.0, 200.0, 185.0, 200.0, 200.0, 200.0, 200.0, 200.0, 200.0, 200.0, 200.0, 200.0, 200.0, 200.0, 200.0, 200.0, 200.0, 200.0, 200.0, 200.0, 200.0, 200.0, 200.0, 200.0, 200.0, 200.0, 200.0, 200.0, 200.0, 200.0, 200.0, 200.0, 200.0, 200.0, 200.0, 200.0, 200.0, 200.0, 200.0, 200.0, 200.0, 200.0, 200.0, 200.0, 200.0, 200.0, 200.0, 200.0, 12.0, 11.0, 11.0, 200.0, 200.0, 200.0, 200.0, 200.0, 200.0, 200.0, 200.0]}