{"initial_reset_timestamp": 1536138342.3311799, "episode_lengths": [19, 14, 11, 18, 38, 19, 109, 67, 57, 87, 64, 99, 137, 158, 125, 200, 129, 178, 139, 200, 200, 200, 200, 200, 200, 200, 200, 200, 200, 200, 200, 200, 200, 200, 200, 200, 200, 200, 200, 200, 200, 200, 200, 200, 200, 200, 200, 200, 200, 200, 200, 200, 200, 200, 200, 200, 200, 200, 200, 200, 200, 200, 200, 200, 200, 10, 200, 200, 200, 200, 200, 200, 200, 200], "timestamps": [1536138342.3800557, 1536138342.426025, 1536138342.4594722, 1536138342.4985125, 1536138342.594404, 1536138342.6621401, 1536138343.2246304, 1536138343.6008956, 1536138343.7265248, 1536138344.1188092, 1536138344.451777, 1536138344.6483743, 1536138345.1430287, 1536138345.8731112, 1536138346.3039355, 1536138346.9206758, 1536138347.3934755, 1536138348.1521032, 1536138348.6593494, 1536138349.27379, 1536138350.061633, 1536138350.935078, 1536138351.5478382, 1536138352.3483806, 1536138352.9785213, 1536138353.8449736, 1536138354.6695635, 1536138355.2882273, 1536138356.117111, 1536138356.7241435, 1536138357.538482, 1536138358.423264, 1536138359.0275638, 1536138359.8475237, 1536138360.4759345, 1536138361.3660698, 1536138362.1711893, 1536138362.7932408, 1536138363.704599, 1536138364.375957, 1536138365.2041976, 1536138366.0836735, 1536138366.7369776, 1536138367.5870779, 1536138368.2391624, 1536138369.1104724, 1536138369.949206, 1536138370.6806517, 1536138371.5756943, 1536138372.1911323, 1536138373.0337257, 1536138373.9726262, 1536138374.6609633, 1536138375.5859752, 1536138376.263293, 1536138377.2066755, 1536138378.1247106, 1536138378.820496, 1536138379.6574867, 1536138380.3453207, 1536138381.2938433, 1536138382.160218, 1536138382.8618655, 1536138383.7061143, 1536138384.415925, 1536138384.6612263, 1536138385.2720873, 1536138386.1354647, 1536138386.7902694, 1536138387.666533, 1536138388.482658, 1536138389.1120121, 1536138389.955811, 1536138390.5747156], "episode_types": ["t", "t", "t", "t", "t", "t", "t", "t", "t", "t", "t", "t", "t", "t", "t", "t", "t", "t", "t", "t", "t", "t", "t", "t", "t", "t", "t", "t", "t", "t", "t", "t", "t", "t", "t", "t", "t", "t", "t", "t", "t", "t", "t", "t", "t", "t", "t", "t", "t", "t", "t", "t", "t", "t", "t", "t", "t", "t", "t", "t", "t", "t", "t", "t", "t", "t", "t", "t", "t", "t", "t", "t", "t", "t", "t"], "episode_rewards": [19.0, 14.0, 11.0, 18.0, 38.0, 19.0, 109.0, 67.0, 57.0, 87.0, 64.0, 99.0, 137.0, 158.0, 125.0, 200.0, 129.0, 178.0, 139.0, 200.0, 200.0, 200.0, 200.0, 200.0, 200.0, 200.0, 200.0, 200.0, 200.0, 200.0, 200.0, 200.0, 200.0, 200.0, 200.0, 200.0, 200.0, 200.0, 200.0, 200.0, 200.0, 200.0, 200.0, 200.0, 200.0, 200.0, 200.0, 200.0, 200.0, 200.0, 200.0, 200.0, 200.0, 200.0, 200.0, 200.0, 200.0, 200.0, 200.0, 200.0, 200.0, 200.0, 200.0, 200.0, 200.0, 10.0, 200.0, 200.0, 200.0, 200.0, 200.0, 200.0, 200.0, 200.0]}