{"initial_reset_timestamp": 1536138342.3323293, "episode_lengths": [43, 16, 12, 9, 10, 15, 15, 63, 35, 47, 40, 42, 133, 147, 200, 200, 189, 139, 109, 134, 200, 200, 200, 200, 200, 200, 200, 200, 200, 200, 200, 200, 200, 200, 200, 200, 200, 200, 200, 200, 200, 200, 200, 200, 200, 200, 200, 200, 200, 200, 200, 200, 200, 200, 200, 200, 200, 200, 200, 200, 200, 200, 200, 200, 200, 200, 200, 200, 200, 200, 200, 200, 200, 200], "timestamps": [1536138342.455929, 1536138342.4889503, 1536138342.5251913, 1536138342.5529041, 1536138342.573549, 1536138342.6041768, 1536138342.6641295, 1536138343.1141844, 1536138343.2045977, 1536138343.5431404, 1536138343.6310148, 1536138343.7161448, 1536138344.1941824, 1536138344.9242814, 1536138345.5405743, 1536138346.313857, 1536138346.9052958, 1536138347.4019673, 1536138347.8249843, 1536138348.2914512, 1536138349.1241562, 1536138349.7294936, 1536138350.5921621, 1536138351.414921, 1536138352.017317, 1536138352.8299382, 1536138353.4351993, 1536138354.2977788, 1536138355.152155, 1536138355.7590837, 1536138356.583279, 1536138357.2002373, 1536138357.9993343, 1536138358.8931234, 1536138359.4985044, 1536138360.328599, 1536138361.0257618, 1536138361.8252316, 1536138362.647928, 1536138363.2541778, 1536138364.232533, 1536138364.8509238, 1536138365.7099755, 1536138366.5863397, 1536138367.220657, 1536138368.0981166, 1536138368.7192426, 1536138369.5869005, 1536138370.4550743, 1536138371.1766577, 1536138372.0533903, 1536138372.66684, 1536138373.5303476, 1536138374.5229442, 1536138375.2262442, 1536138376.1096344, 1536138376.7612948, 1536138377.742361, 1536138378.65714, 1536138379.3010328, 1536138380.2045906, 1536138380.9096582, 1536138381.783218, 1536138382.6582673, 1536138383.3537343, 1536138384.2550702, 1536138384.9142709, 1536138385.739336, 1536138386.6210713, 1536138387.2773602, 1536138388.1063623, 1536138388.7323742, 1536138389.5664387, 1536138390.4092104], "episode_types": ["t", "t", "t", "t", "t", "t", "t", "t", "t", "t", "t", "t", "t", "t", "t", "t", "t", "t", "t", "t", "t", "t", "t", "t", "t", "t", "t", "t", "t", "t", "t", "t", "t", "t", "t", "t", "t", "t", "t", "t", "t", "t", "t", "t", "t", "t", "t", "t", "t", "t", "t", "t", "t", "t", "t", "t", "t", "t", "t", "t", "t", "t", "t", "t", "t", "t", "t", "t", "t", "t", "t", "t", "t", "t", "t"], "episode_rewards": [43.0, 16.0, 12.0, 9.0, 10.0, 15.0, 15.0, 63.0, 35.0, 47.0, 40.0, 42.0, 133.0, 147.0, 200.0, 200.0, 189.0, 139.0, 109.0, 134.0, 200.0, 200.0, 200.0, 200.0, 200.0, 200.0, 200.0, 200.0, 200.0, 200.0, 200.0, 200.0, 200.0, 200.0, 200.0, 200.0, 200.0, 200.0, 200.0, 200.0, 200.0, 200.0, 200.0, 200.0, 200.0, 200.0, 200.0, 200.0, 200.0, 200.0, 200.0, 200.0, 200.0, 200.0, 200.0, 200.0, 200.0, 200.0, 200.0, 200.0, 200.0, 200.0, 200.0, 200.0, 200.0, 200.0, 200.0, 200.0, 200.0, 200.0, 200.0, 200.0, 200.0, 200.0]}