{"initial_reset_timestamp": 1536138342.3311234, "episode_lengths": [18, 25, 13, 21, 20, 15, 41, 89, 48, 40, 47, 200, 200, 200, 200, 173, 139, 124, 200, 200, 200, 200, 200, 200, 200, 200, 200, 200, 200, 200, 200, 200, 200, 200, 200, 200, 200, 200, 200, 200, 200, 200, 200, 200, 200, 200, 200, 200, 200, 200, 200, 200, 200, 200, 200, 200, 200, 200, 200, 200, 200, 200, 200, 200, 14, 10, 12, 200, 200, 200, 200, 200, 200, 200, 200], "timestamps": [1536138342.3778248, 1536138342.4563384, 1536138342.4836526, 1536138342.5458865, 1536138342.5885127, 1536138342.6446064, 1536138343.0440164, 1536138343.2521448, 1536138343.5915706, 1536138343.6792474, 1536138344.0007412, 1536138344.6027117, 1536138345.4291103, 1536138346.0236537, 1536138346.8175635, 1536138347.390836, 1536138347.8862581, 1536138348.3249226, 1536138349.1636016, 1536138349.9599357, 1536138350.6243172, 1536138351.4447095, 1536138352.047416, 1536138352.872103, 1536138353.6812449, 1536138354.325205, 1536138355.179309, 1536138355.7929425, 1536138356.619632, 1536138357.4339118, 1536138358.026405, 1536138358.9205582, 1536138359.5324128, 1536138360.3640945, 1536138361.25796, 1536138361.864969, 1536138362.6749938, 1536138363.2870188, 1536138364.2607806, 1536138365.0916076, 1536138365.7457948, 1536138366.6144297, 1536138367.2584448, 1536138368.1256235, 1536138368.9933584, 1536138369.618942, 1536138370.4822292, 1536138371.2137642, 1536138372.0825818, 1536138372.913205, 1536138373.5623267, 1536138374.5537014, 1536138375.2642925, 1536138376.13778, 1536138377.0180368, 1536138377.770384, 1536138378.6877632, 1536138379.3288286, 1536138380.2368226, 1536138381.1772218, 1536138381.817377, 1536138382.6872377, 1536138383.382157, 1536138384.2883792, 1536138384.3255463, 1536138384.3461883, 1536138384.370272, 1536138385.2105699, 1536138385.8493695, 1536138386.7293446, 1536138387.6089861, 1536138388.2058039, 1536138389.053494, 1536138389.6726432, 1536138390.5070095], "episode_types": ["t", "t", "t", "t", "t", "t", "t", "t", "t", "t", "t", "t", "t", "t", "t", "t", "t", "t", "t", "t", "t", "t", "t", "t", "t", "t", "t", "t", "t", "t", "t", "t", "t", "t", "t", "t", "t", "t", "t", "t", "t", "t", "t", "t", "t", "t", "t", "t", "t", "t", "t", "t", "t", "t", "t", "t", "t", "t", "t", "t", "t", "t", "t", "t", "t", "t", "t", "t", "t", "t", "t", "t", "t", "t", "t", "t"], "episode_rewards": [18.0, 25.0, 13.0, 21.0, 20.0, 15.0, 41.0, 89.0, 48.0, 40.0, 47.0, 200.0, 200.0, 200.0, 200.0, 173.0, 139.0, 124.0, 200.0, 200.0, 200.0, 200.0, 200.0, 200.0, 200.0, 200.0, 200.0, 200.0, 200.0, 200.0, 200.0, 200.0, 200.0, 200.0, 200.0, 200.0, 200.0, 200.0, 200.0, 200.0, 200.0, 200.0, 200.0, 200.0, 200.0, 200.0, 200.0, 200.0, 200.0, 200.0, 200.0, 200.0, 200.0, 200.0, 200.0, 200.0, 200.0, 200.0, 200.0, 200.0, 200.0, 200.0, 200.0, 200.0, 14.0, 10.0, 12.0, 200.0, 200.0, 200.0, 200.0, 200.0, 200.0, 200.0, 200.0]}